/* 种子数据：在 01_schema.sql 执行成功后运行。学生扩展信息由触发器写入，不再单独 INSERT tb_student_info。 */

SET NAMES utf8mb4;
USE `xinmiao`;

SET FOREIGN_KEY_CHECKS = 0;

INSERT INTO `tb_college` (`id`, `name`, `create_time`, `update_time`) VALUES
(1, '计算机科学与技术学院', '2026-04-12 22:36:34', '2026-04-12 22:36:34'),
(2, '机电工程学院', '2026-04-12 22:36:34', '2026-04-12 22:36:34'),
(3, '数学与统计学院', '2026-04-12 22:36:34', '2026-04-12 22:36:34'),
(4, '人文学院', '2026-04-12 22:36:34', '2026-04-12 22:36:34'),
(5, '经济管理学院', '2026-04-12 22:36:34', '2026-04-12 22:36:34'),
(6, '医学院', '2026-04-12 22:36:34', '2026-04-12 22:36:34'),
(7, '机械工程学院', '2026-04-12 22:36:34', '2026-04-12 22:36:34'),
(8, '外国语学院', '2026-04-14 20:26:34', '2026-04-14 20:26:39');

INSERT INTO `tb_class` (`id`, `name`, `college_id`, `create_time`, `update_time`) VALUES
(1, '软件2201', 1, '2026-04-12 22:36:34', '2026-04-12 22:36:34'),
(2, '软件2202', 1, '2026-04-12 22:36:34', '2026-04-12 22:36:34'),
(3, '机电2201', 2, '2026-04-12 22:36:34', '2026-04-12 22:36:34'),
(4, '数学一班', 3, '2026-04-12 22:36:34', '2026-04-12 22:36:34'),
(5, '汉语言文学三班', 4, '2026-04-12 22:36:34', '2026-04-12 22:36:34'),
(6, '国贸二班', 5, '2026-04-12 22:36:34', '2026-04-12 22:36:34');

INSERT INTO `tb_counselor` (`id`, `username`, `password`, `avatar`, `nickname`, `college`, `is_admin`, `create_time`, `update_time`) VALUES
(1, 'default_teacher', '$2a$10$fcKHgFB1g2OLt/JrzJlczeREYOfjSThkevJbwTJbf2/k7IWhRp6H.', 'https://test-for-tree.oss-cn-beijing.aliyuncs.com/2060b522.png', '系统默认教师', '计算机科学与技术学院', 1, '2026-04-12 22:36:34', '2026-04-12 22:36:34'),
(2, 'counselor_li', '$2a$10$fcKHgFB1g2OLt/JrzJlczeREYOfjSThkevJbwTJbf2/k7IWhRp6H.', '/avatar/li.jpg', '李辅导员', '计算机科学与技术学院', 0, '2026-04-12 22:36:34', '2026-04-12 22:36:34'),
(3, 'counselor_wang', '$2a$10$fcKHgFB1g2OLt/JrzJlczeREYOfjSThkevJbwTJbf2/k7IWhRp6H.', '/avatar/wang.jpg', '王辅导员', '机电工程学院', 0, '2026-04-12 22:36:34', '2026-04-12 22:36:34');

INSERT INTO `tb_student` (`id`, `username`, `password`, `avatar`, `nickname`, `level`, `total_experience`, `create_time`, `update_time`) VALUES
(1, 'student1', '$2a$10$fcKHgFB1g2OLt/JrzJlczeREYOfjSThkevJbwTJbf2/k7IWhRp6H.', '', '张三', 1, 0, '2026-04-12 22:36:35', '2026-04-12 22:36:35'),
(2, 'student2', '$2a$10$fcKHgFB1g2OLt/JrzJlczeREYOfjSThkevJbwTJbf2/k7IWhRp6H.', '', '李四', 1, 0, '2026-04-12 22:36:35', '2026-04-12 22:36:35'),
(3, 'student3', '$2a$10$fcKHgFB1g2OLt/JrzJlczeREYOfjSThkevJbwTJbf2/k7IWhRp6H.', '', '王五', 1, 0, '2026-04-12 22:36:35', '2026-04-12 22:36:35'),
(4, 'student4', '$2a$10$fcKHgFB1g2OLt/JrzJlczeREYOfjSThkevJbwTJbf2/k7IWhRp6H.', '', '赵六', 1, 0, '2026-04-12 22:36:35', '2026-04-12 22:36:35'),
(5, 'student5', '$2a$10$fcKHgFB1g2OLt/JrzJlczeREYOfjSThkevJbwTJbf2/k7IWhRp6H.', '', '钱七', 1, 0, '2026-04-12 22:36:35', '2026-04-12 22:36:35'),
(6, 'student6', '$2a$10$fcKHgFB1g2OLt/JrzJlczeREYOfjSThkevJbwTJbf2/k7IWhRp6H.', '', '孙八', 1, 0, '2026-04-12 22:36:35', '2026-04-12 22:36:35'),
(7, 'student7', '$2a$10$fcKHgFB1g2OLt/JrzJlczeREYOfjSThkevJbwTJbf2/k7IWhRp6H.', '', '周九', 1, 0, '2026-04-12 22:36:35', '2026-04-12 22:36:35'),
(8, 'student8', '$2a$10$fcKHgFB1g2OLt/JrzJlczeREYOfjSThkevJbwTJbf2/k7IWhRp6H.', '', '吴十', 1, 0, '2026-04-12 22:36:35', '2026-04-12 22:36:35'),
(9, 'student9', '$2a$10$fcKHgFB1g2OLt/JrzJlczeREYOfjSThkevJbwTJbf2/k7IWhRp6H.', '', '郑一', 1, 0, '2026-04-12 22:36:35', '2026-04-12 22:36:35'),
(10, 'student10', '$2a$10$fcKHgFB1g2OLt/JrzJlczeREYOfjSThkevJbwTJbf2/k7IWhRp6H.', '', '王二', 1, 0, '2026-04-12 22:36:35', '2026-04-12 22:36:35');

INSERT INTO `tb_student_class` (`id`, `student_id`, `college`, `clazz`, `college_id`, `class_id`, `counselor_id`) VALUES
(1, 1, '计算机科学与技术学院', '软件2201', 1, 1, 1),
(2, 2, '计算机科学与技术学院', '软件2201', 1, 1, 1),
(3, 3, '计算机科学与技术学院', '软件2201', 1, 1, 1),
(4, 4, '计算机科学与技术学院', '软件2202', 1, 2, 1),
(5, 5, '计算机科学与技术学院', '软件2202', 1, 2, 1),
(6, 6, '计算机科学与技术学院', '软件2202', 1, 2, 1),
(7, 7, '计算机科学与技术学院', '软件2202', 1, 2, 1),
(8, 8, '机电工程学院', '机电2201', 2, 3, 1),
(9, 9, '机电工程学院', '机电2201', 2, 3, 1),
(10, 10, '机电工程学院', '机电2201', 2, 3, 1);

INSERT INTO `tb_task` (`id`, `label`, `score`, `top`, `selected`, `title`, `description`, `level`, `college`, `clazz`, `college_id`, `class_id`, `deadline`, `create_time`, `update_time`, `is_published`, `teacher_id`) VALUES
(1, '日常任务', 5, 0, 0, '计算机学院卫生检查', '对各班级卫生情况进行检查评分', '班级', '计算机科学与技术学院', '软件2201', 1, 1, '2025-08-10 23:59:59', '2025-08-01 09:30:00', '2025-08-01 09:30:00', 1, 1),
(2, '重要通知', 10, 1, 1, '全校安全教育讲座报名', '参与讲座可获得综合素质学分', '校级', '', '', NULL, NULL, '2025-09-15 18:00:00', '2025-08-01 10:15:00', '2025-08-01 10:15:00', 1, 1),
(3, '作业', 3, 0, 0, '高等数学课后作业提交', '完成教材第5章习题', '班级', '数学与统计学院', '数学一班', 3, 4, '2025-08-05 22:00:00', '2025-08-01 14:20:00', '2025-08-01 14:20:00', 0, 1),
(4, '活动', 8, 0, 1, '外语学院演讲比赛', '主题：我的大学生活', '院级', '外国语学院', '', NULL, NULL, '2025-08-08 17:00:00', '2025-08-01 15:00:00', '2025-08-01 16:30:00', 1, 1),
(5, '调研', 15, 1, 0, '大学生消费习惯调查', '提交调查问卷可参与抽奖', '校级', '', '', NULL, NULL, '2025-08-20 20:00:00', '2025-07-28 08:45:00', '2025-07-29 11:20:00', 1, 1),
(6, '会议', 0, 0, 0, '学院教学工作会议', '各系主任参加，讨论新学期教学计划', '院级', '机械工程学院', '', 7, NULL, '2025-08-12 09:00:00', '2025-08-01 11:30:00', '2025-08-01 11:30:00', 0, 1),
(7, '签到', 1, 0, 0, '班主任班会签到', '周五下午班会现场签到', '班级', '经济管理学院', '国贸二班', 5, 6, '2025-08-02 17:30:00', '2025-08-01 08:10:00', '2025-08-01 08:10:00', 1, 1),
(8, '竞赛', 20, 1, 1, '大学生创新创业大赛', '提交创业计划书，优胜者推荐参加省赛', '校级', '', '', NULL, NULL, '2025-08-30 00:00:00', '2025-07-25 16:40:00', '2025-07-26 09:15:00', 1, 1),
(9, '实践', 6, 0, 0, '暑期社会实践报告', '提交3000字以上实践报告', '班级', '人文学院', '汉语言文学三班', 4, 5, '2025-08-18 22:00:00', '2025-08-01 13:50:00', '2025-08-01 13:50:00', 0, 1),
(10, '志愿', 4, 0, 1, '校园迎新志愿者招募', '帮助新生办理入学手续', '院级', '医学院', '', 6, NULL, '2025-08-25 12:00:00', '2025-08-01 10:00:00', '2025-08-01 10:00:00', 1, 1),
(11, '实践', 6, 0, 0, '原神', '提交实践报告', '校级', '', '', NULL, NULL, '2025-08-18 22:00:00', '2025-08-11 13:50:00', '2025-08-01 13:50:00', 1, 1);

INSERT INTO `tb_student_task` (`id`, `student_id`, `task_id`, `status`, `submit_time`, `create_time`, `update_time`) VALUES
(1, 1, 11, 1, '2026-04-12 22:36:36', '2026-04-12 22:36:36', '2026-04-12 22:36:36'),
(2, 1, 8, 0, NULL, '2026-04-12 22:36:36', '2026-04-12 22:36:36'),
(3, 1, 5, 0, NULL, '2026-04-12 22:36:36', '2026-04-12 22:36:36'),
(4, 1, 2, 0, NULL, '2026-04-12 22:36:36', '2026-04-12 22:36:36'),
(5, 2, 11, 1, '2026-04-12 22:36:36', '2026-04-12 22:36:36', '2026-04-12 22:36:36'),
(6, 2, 8, 0, NULL, '2026-04-12 22:36:36', '2026-04-12 22:36:36'),
(7, 2, 5, 0, NULL, '2026-04-12 22:36:36', '2026-04-12 22:36:36'),
(8, 2, 2, 0, NULL, '2026-04-12 22:36:36', '2026-04-12 22:36:36'),
(9, 3, 11, 0, NULL, '2026-04-12 22:36:36', '2026-04-12 22:36:36'),
(10, 3, 8, 0, NULL, '2026-04-12 22:36:36', '2026-04-12 22:36:36'),
(11, 3, 5, 0, NULL, '2026-04-12 22:36:36', '2026-04-12 22:36:36'),
(12, 3, 2, 0, NULL, '2026-04-12 22:36:36', '2026-04-12 22:36:36'),
(13, 4, 11, 1, '2026-04-12 22:36:36', '2026-04-12 22:36:36', '2026-04-12 22:36:36'),
(14, 4, 8, 0, NULL, '2026-04-12 22:36:36', '2026-04-12 22:36:36'),
(15, 4, 5, 0, NULL, '2026-04-12 22:36:36', '2026-04-12 22:36:36'),
(16, 4, 2, 0, NULL, '2026-04-12 22:36:36', '2026-04-12 22:36:36'),
(17, 5, 11, 1, '2026-04-12 22:36:36', '2026-04-12 22:36:36', '2026-04-12 22:36:36'),
(18, 5, 8, 0, NULL, '2026-04-12 22:36:36', '2026-04-12 22:36:36'),
(19, 5, 5, 0, NULL, '2026-04-12 22:36:36', '2026-04-12 22:36:36'),
(20, 5, 2, 0, NULL, '2026-04-12 22:36:36', '2026-04-12 22:36:36'),
(21, 6, 11, 0, NULL, '2026-04-12 22:36:36', '2026-04-12 22:36:36'),
(22, 6, 8, 0, NULL, '2026-04-12 22:36:36', '2026-04-12 22:36:36'),
(23, 6, 5, 0, NULL, '2026-04-12 22:36:36', '2026-04-12 22:36:36'),
(24, 6, 2, 0, NULL, '2026-04-12 22:36:36', '2026-04-12 22:36:36'),
(25, 7, 11, 0, NULL, '2026-04-12 22:36:36', '2026-04-12 22:36:36'),
(26, 7, 8, 0, NULL, '2026-04-12 22:36:36', '2026-04-12 22:36:36'),
(27, 7, 5, 0, NULL, '2026-04-12 22:36:36', '2026-04-12 22:36:36'),
(28, 7, 2, 0, NULL, '2026-04-12 22:36:36', '2026-04-12 22:36:36'),
(29, 8, 11, 1, NULL, '2026-04-12 22:36:36', '2026-04-12 22:36:37'),
(30, 8, 8, 0, NULL, '2026-04-12 22:36:36', '2026-04-12 22:36:36'),
(31, 8, 5, 0, NULL, '2026-04-12 22:36:36', '2026-04-12 22:36:36'),
(32, 8, 2, 0, NULL, '2026-04-12 22:36:36', '2026-04-12 22:36:36'),
(33, 9, 11, 1, NULL, '2026-04-12 22:36:36', '2026-04-12 22:36:37'),
(34, 9, 8, 0, NULL, '2026-04-12 22:36:36', '2026-04-12 22:36:36'),
(35, 9, 5, 0, NULL, '2026-04-12 22:36:36', '2026-04-12 22:36:36'),
(36, 9, 2, 0, NULL, '2026-04-12 22:36:36', '2026-04-12 22:36:36'),
(37, 10, 11, 1, NULL, '2026-04-12 22:36:36', '2026-04-12 22:36:37'),
(38, 10, 8, 0, NULL, '2026-04-12 22:36:36', '2026-04-12 22:36:36'),
(39, 10, 5, 0, NULL, '2026-04-12 22:36:36', '2026-04-12 22:36:36'),
(40, 10, 2, 0, NULL, '2026-04-12 22:36:36', '2026-04-12 22:36:36'),
(64, 1, 1, 0, NULL, '2026-04-12 22:36:36', '2026-04-12 22:36:36'),
(65, 2, 1, 0, NULL, '2026-04-12 22:36:36', '2026-04-12 22:36:36'),
(66, 3, 1, 0, NULL, '2026-04-12 22:36:36', '2026-04-12 22:36:36');

INSERT INTO `tb_appeal` (`id`, `user_id`, `appeal_type`, `appeal_title`, `appeal_description`, `contact_info`, `submit_time`, `accept_time`, `processing_time`, `complete_time`, `handler_id`, `reply_content`, `status`, `create_time`, `update_time`) VALUES
(1, 1, 'account', '账号登录问题', '我的账号无法正常登录，显示密码错误，但我确定密码是正确的。请帮忙检查一下。', 'student1@example.com', '2025-01-15 09:30:00', '2025-01-15 10:00:00', '2025-01-15 10:30:00', '2025-01-15 11:00:00', 2, '已帮您重置密码，请使用新密码登录。', 'completed', '2026-04-12 22:36:37', '2026-04-12 22:36:37'),
(2, 2, 'content', '任务内容错误', '我提交的任务被错误地标记为未完成，但我确实已经完成了所有要求。请重新审核。', 'student2@example.com', '2025-01-16 14:20:00', '2025-01-16 15:00:00', '2025-01-16 15:30:00', NULL, 3, '正在重新审核您的任务', 'completed', '2026-04-12 22:36:37', '2026-04-12 22:36:37'),
(3, 3, 'reward', '积分奖励未到账', '我完成了上周的活动任务，但积分奖励至今未到账。请帮忙确认一下。', 'student3@example.com', '2025-01-17 11:15:00', '2025-01-17 12:00:00', NULL, NULL, 2, NULL, 'completed', '2026-04-12 22:36:37', '2026-04-12 22:36:37'),
(4, 4, 'other', '系统功能建议', '建议增加任务提醒功能，以便更好地管理任务。', 'student4@example.com', '2025-01-18 16:45:00', NULL, NULL, NULL, NULL, NULL, 'submit', '2026-04-12 22:36:37', '2026-04-12 22:36:37'),
(5, 5, 'account', '账号信息修改', '我需要修改账号绑定的手机号码，但系统提示无法修改。请帮忙处理。', 'student5@example.com', '2025-01-19 08:30:00', '2025-01-19 09:00:00', '2025-01-19 09:30:00', '2025-01-19 10:00:00', 2, '已为您修改绑定的手机号码，请确认。', 'completed', '2026-04-12 22:36:37', '2026-04-12 22:36:37'),
(6, 6, 'content', '任务描述不清晰', '发布的任务描述不够清晰，导致我无法理解任务要求。请提供更详细的说明。', 'student6@example.com', '2025-01-20 13:10:00', '2025-01-20 14:00:00', '2025-01-20 14:30:00', '2025-01-20 15:00:00', 3, '已更新任务描述，请查看。', 'rejected', '2026-04-12 22:36:37', '2026-04-12 22:36:37'),
(7, 7, 'reward', '礼品兑换问题', '我兑换的礼品至今未收到，请帮忙查询物流信息。', 'student7@example.com', '2025-01-21 10:20:00', NULL, NULL, NULL, NULL, NULL, 'submit', '2026-04-12 22:36:37', '2026-04-12 22:36:37'),
(8, 8, 'other', '系统卡顿问题', '最近几天系统经常卡顿，影响使用体验。请优化系统性能。', 'student8@example.com', '2025-01-22 15:30:00', '2025-01-22 16:00:00', NULL, NULL, 1, NULL, 'submit', '2026-04-12 22:36:37', '2026-04-12 22:36:37');

INSERT INTO `tb_information` (`id`, `is_required`, `title`, `description`, `scope`, `college`, `clazz`, `image_urls`, `create_time`, `update_time`, `is_published`) VALUES
(1, 1, '校园春季运动会圆满落幕', '本届运动会共有3200名师生参与，创造15项校纪录', '校级', '', '', NULL, '2025-08-05 10:15:00', '2025-08-05 10:15:00', 1),
(2, 0, '计算机学院人工智能实验室开放日', '本周六面向全院学生开放，展示最新AI研究成果', '院级', '计算机科学与技术学院', '', NULL, '2025-08-07 14:30:00', '2025-08-07 14:30:00', 1),
(3, 1, '软件2202班志愿服务活动纪实', '班级同学赴社区开展老人智能机教学活动', '班级', '计算机科学与技术学院', '软件2202', NULL, '2025-08-09 09:20:00', '2025-08-09 11:05:00', 1),
(4, 0, '校园图书馆新增电子资源数据库', '新增IEEE、Springer等5个数据库，访问指南请查看附件', '校级', '', '', NULL, '2025-08-11 16:40:00', '2025-08-11 16:40:00', 1),
(5, 1, '机电工程学院工业机器人展', '展示6台不同功能的工业机器人，包含操作演示', '院级', '机电工程学院', '', NULL, '2025-08-12 10:00:00', '2025-08-12 10:00:00', 0),
(6, 0, '2025届毕业生就业质量报告', '包含就业率、就业行业分布及平均起薪等数据', '校级', '', '', NULL, '2025-08-13 15:20:00', '2025-08-13 15:20:00', 1),
(7, 1, '新学期选课系统开放通知', '选课时间为8月20日至8月25日，请错峰登录，遇到问题联系教务处', '校级', '', '', NULL, '2025-08-14 09:00:00', '2025-08-14 09:00:00', 1),
(8, 0, '数学与统计学院建模竞赛宣讲会', '面向大二及以上，介绍全国大学生数学建模竞赛流程与备赛资源', '院级', '数学与统计学院', '', NULL, '2025-08-14 14:00:00', '2025-08-14 14:00:00', 1),
(9, 1, '软件2201班学风建设主题班会预告', '周五下午讨论课堂考勤与作业提交规范，全体同学务必参加', '班级', '计算机科学与技术学院', '软件2201', NULL, '2025-08-15 11:30:00', '2025-08-15 11:30:00', 1),
(10, 0, '校园网维护窗口公告', '8月17日凌晨1:00-5:00核心设备升级，期间可能出现短暂断网', '校级', '', '', NULL, '2025-08-16 08:45:00', '2025-08-16 08:45:00', 1),
(11, 1, '人文学院读书月活动启动', '经典阅读打卡、读书报告征集，优秀稿件可获得第二课堂学分', '院级', '人文学院', '', NULL, '2025-08-17 10:20:00', '2025-08-17 10:20:00', 1),
(12, 0, '经济管理学院企业参访报名', '限额40人，参观本地物流企业，报名截止8月22日', '院级', '经济管理学院', '', NULL, '2025-08-18 16:00:00', '2025-08-18 16:00:00', 1),
(13, 1, '机电2201班金工实习安全须知', '进入车间须穿长裤、劳保鞋，禁止佩戴首饰，详见附件清单', '班级', '机电工程学院', '机电2201', NULL, '2025-08-19 09:15:00', '2025-08-19 09:15:00', 1),
(14, 0, '外国语学院英语角恢复举办', '每周三晚图书馆报告厅，本学期主题：跨文化沟通', '院级', '外国语学院', '', NULL, '2025-08-20 13:40:00', '2025-08-20 13:40:00', 1),
(15, 1, '新生体检安排补充说明', '未参加集中体检的同学请于9月5日前到校医院补检', '校级', '', '', NULL, '2025-08-21 08:00:00', '2025-08-21 08:00:00', 1),
(16, 0, '机械工程学院制图大赛初赛结果', '晋级名单已张贴于工科楼公告栏，决赛时间另行通知', '院级', '机械工程学院', '', NULL, '2025-08-22 15:30:00', '2025-08-22 15:30:00', 1),
(17, 1, '医学院急救技能培训公开课', '心肺复苏与AED使用演示，欢迎非医学专业同学旁听', '院级', '医学院', '', NULL, '2025-08-23 10:10:00', '2025-08-23 10:10:00', 1),
(18, 0, '图书馆暑期借阅图书归还提醒', '请于开学两周内归还，逾期将暂停借阅权限', '校级', '', '', NULL, '2025-08-24 12:00:00', '2025-08-24 12:00:00', 1),
(19, 1, '软件2202班实习双选会资料收集', '请班长收齐简历电子版，8月28日前打包发送至辅导员邮箱', '班级', '计算机科学与技术学院', '软件2202', NULL, '2025-08-25 17:20:00', '2025-08-25 17:20:00', 1),
(20, 0, '校园一卡通充值优惠', '合作银行APP充值满100减5，活动至9月30日', '校级', '', '', NULL, '2025-08-26 09:50:00', '2025-08-26 09:50:00', 1),
(21, 1, '数学与统计学院考研经验分享会', '邀请往届上岸校友线上分享，会议链接后续发布于年级群', '院级', '数学与统计学院', '', NULL, '2025-08-27 19:00:00', '2025-08-27 19:00:00', 0),
(22, 0, '国贸二班暑期社会实践答辩安排', '分两组进行，教室与时间见班级群公告', '班级', '经济管理学院', '国贸二班', NULL, '2025-08-28 14:15:00', '2025-08-28 14:15:00', 1),
(23, 1, '校级创新创业训练计划项目申报', '材料提交截止9月10日，系统入口见教务处通知', '校级', '', '', NULL, '2025-08-29 08:30:00', '2025-08-29 08:30:00', 1),
(24, 0, '计算机学院程序设计竞赛校队选拔', '面向全校，线上初赛+现场复赛，详细规则见附件', '院级', '计算机科学与技术学院', '', NULL, '2025-08-30 11:00:00', '2025-08-30 11:00:00', 1),
(25, 1, '体育馆羽毛球场地预约规则调整', '高峰时段改为提前3天预约，单次最长2小时', '校级', '', '', NULL, '2025-09-01 07:45:00', '2025-09-01 07:45:00', 1),
(26, 0, '汉语言文学三班读书笔记评比结果公示', '一等奖2名、二等奖5名，证书于下周班会上颁发', '班级', '人文学院', '汉语言文学三班', NULL, '2025-09-02 16:40:00', '2025-09-02 16:40:00', 1),
(27, 1, '心理健康教育与咨询中心开放周', '个体咨询与团体辅导预约方式见心理中心官网', '校级', '', '', NULL, '2025-09-03 10:00:00', '2025-09-03 10:00:00', 1),
(28, 0, '外国语学院口语角外教场次增加', '本学期新增周五下午场次，需提前在小程序报名', '院级', '外国语学院', '', NULL, '2025-09-04 13:25:00', '2025-09-04 13:25:00', 1),
(29, 1, '机电工程学院制图室开放时间调整', '周末开放时段延长1小时，法定节假日以值班表为准', '院级', '机电工程学院', '', NULL, '2025-09-05 09:00:00', '2025-09-05 09:00:00', 0),
(30, 0, '校园垃圾分类投放点优化说明', '新增可回收物细分桶位，请按图示分类投放', '校级', '', '', NULL, '2025-09-06 12:30:00', '2025-09-06 12:30:00', 1);

INSERT INTO `tb_notice` (`id`, `is_required`, `title`, `description`, `scope`, `college`, `clazz`, `image_urls`, `create_time`, `update_time`, `is_published`) VALUES
(1, 1, '2025级新生报到须知', '包含报到流程、所需材料及宿舍分配信息', '校级', '', '', NULL, '2025-08-10 08:30:00', '2025-08-10 08:30:00', 1),
(2, 1, '计算机学院奖学金评定通知', '说明2024-2025学年奖学金申请条件及截止时间', '院级', '计算机科学与技术学院', '', NULL, '2025-08-09 14:20:00', '2025-08-09 16:10:00', 1),
(3, 0, '软件2201班班会提醒', '本周五下午3点召开学期总结班会，请携带笔记本', '班级', '计算机科学与技术学院', '软件2201', NULL, '2025-08-11 09:15:00', '2025-08-11 09:15:00', 1),
(4, 1, '全校实验室安全培训通知', '所有进入实验室的学生需参加安全培训并通过考核', '校级', '', '', NULL, '2025-08-08 10:00:00', '2025-08-09 11:30:00', 1),
(5, 0, '机电工程学院招聘会安排', '包含10家企业招聘信息及面试时间地点', '院级', '机电工程学院', '', NULL, '2025-08-12 15:40:00', '2025-08-12 15:40:00', 0),
(6, 1, '软件2203班课程调整通知', '原周三上午《数据库原理》调至周五下午，授课教师不变', '班级', '计算机科学与技术学院', '软件2203', NULL, '2025-08-10 16:25:00', '2025-08-10 17:05:00', 1),
(7, 0, '艺术与设计学院作品展预告', '展览包含油画、雕塑等作品，开放时间为周末9:00-17:00', '院级', '艺术与设计学院', '', NULL, '2025-08-11 11:00:00', '2025-08-11 11:00:00', 1);

INSERT INTO `tb_level_rule` (`level`, `need_experience`, `create_time`) VALUES
(1, 0, '2026-04-12 22:36:35'),
(2, 10, '2026-04-12 22:36:35'),
(3, 20, '2026-04-12 22:36:35'),
(4, 30, '2026-04-12 22:36:35');

INSERT INTO `tb_course` (`id`, `student_id`, `time_period`, `monday`, `tuesday`, `wednesday`, `thursday`, `friday`, `sort_order`) VALUES
(1, 1, '1-2节', '高等数学<br>张老师<br>教学楼A101', '大学英语<br>李老师<br>教学楼B202', '计算机基础<br>王老师<br>实验楼C303', '物理<br>赵老师<br>教学楼D404', '空', NULL),
(2, 1, '3-4节', '大学物理<br>赵老师<br>教学楼A102', '线性代数<br>陈老师<br>教学楼B203', '空', '空', '体育<br>刘老师<br>体育馆', NULL),
(3, 1, '5-6节', '实验课<br>王老师<br>实验楼A201', '空', '空', '空', '空', NULL),
(4, 1, '7-8节', '空', '空', '空', '空', '晚自习<br>自习室E', NULL),
(5, 1, '9节', '晚自习<br>自习室A', '晚自习<br>自习室B', '晚自习<br>自习室C', '晚自习<br>自习室D', '晚自习<br>自习室E', NULL);

SET FOREIGN_KEY_CHECKS = 1;
